"ID_TERMINO","TERMINO","IDIOMA_TERMINO","TERMINO_RELACIONADO","IDIOMA_TERMINO_RELACIONADO"
"100174045","DESCOBERTES SOTA L'AIGUA","ca","DISCOVERIES UNDER WATER","de"
"100175714","DISCOVERIES UNDER WATER","de","DESCOBERTES SOTA L'AIGUA","ca"
"100174141","ELS VENTS ALISIS","ca","TRADEWINDS","pt"
"100175721","EUROTOURISM","ro","EUROTURISME","fr"
"100174204","EUROTURISME","fr","EUROTOURISM","ro"
"100175728","MEDITERRANEO","nso","MEDITERRANIA","id"
"100174711","MEDITERRANIA","id","MEDITERRANEO","nso"
"100175719","TRADEWINDS","pt","ELS VENTS ALISIS","ca"
"100159800","10 + 2","UNKNOWN","DIEZ MAS DOS","pt"
"2020311641","20 ANS APRES","ca","20 AÑOS DESPUES","ca"
"2020311640","20 AÑOS DESPUES","ca","20 ANS APRES","ca"
"100128897","2000 MALIBU ROAD","la","MALIBU ROAD 2000","la"
"100127674","24 HORAS BACH","sv","24 HOURS BACH","tlh"
"100129216","24 HOURS BACH","tlh","24 HORAS BACH","sv"
"2020223636","37 DAYS","pt","37 DIAS","pt"
"2020274235","37 DIAS","pt","37 DAYS","pt"
"2020341571","44 CATS","ca","44 GATOS","lt"
"2020341516","44 GATOS","lt","44 CATS","ca"
"100147357","A DOS METROS BAJO TIERRA","pt","SIX FEET UNDER","da"
"100149583","A LITTLE NIGHT MUSIC","ve","VELADA MUSICAL","ve"
"100123603","A MEDIAS","pt","FIFTY FIFTY","vi"
"2020200196","A NEW PREHISTORY","sk","UNA NUEVA PREHISTORIA","sk"
"100129140","A PUP NAMED SCOOBY DOO","sk","UN CACHORRO LLAMADO SCOOBY DOO","it"
"100123615","A TODO RIESGO","pl","CHANCER","it"
"2020294192","ACHUS","la","ATCHOO !","so"
"100123637","ACUARIO FANTASTICO","eo","AQUARIO FANTASTICO","eo"
"100128995","ADAM 12","la","PATRULLERO ADAM 12","pt"
"100123639","ADIOS MISTER CHIPS","ca","GOODBYE MISTER CHIPS","de"
"100147370","ADULTOS? (GUION TV)","tl","GROWN UPS","lt"
"2020141324","AFRICA EXTREMA","pt","EXTREME AFRICA","fr"
"100123647","AFRICA INDOMITA","ca","UNTAMED AFRICA","ca"
"100123655","AGUILAS","tl","AQUILE","ro"
"2020148556","ALASKA SALVAJE","sk","WILD ALASKA","sw"
"2020126880","ALEJANDRO MAGNO","eo","ALEXANDER DER GROSSE","af"
"100129037","ALEX HALEY'S QUEEN","ca","QUEEN","ca"
"2020126881","ALEXANDER DER GROSSE","af","ALEJANDRO MAGNO","eo"
"100123683","ALFRED HITCHCOCK PRESENTA","ca","ALFRED HITCHCOCK PRESENTS","ca"
"100128117","ALFRED HITCHCOCK PRESENTS","ca","ALFRED HITCHCOCK PRESENTA","ca"
"100147390","ALIENATORS","ro","ALIENATORS : EVOLUTION CONTINUES","fr"
"100149300","ALIENATORS : EVOLUTION CONTINUES","fr","ALIENATORS","ro"
"100129125","ALL AMERICAN GIRL","it","TODA UNA AMERICANA","ca"
"100123703","AMARGA VICTORIA","id","DARK VICTORY","lt"
"100149547","AMAZING PLANET","zu","PLANETA ASOMBROSO","eo"
"2020334974","AMAZING SPACES","zu","ESPACIOS INCREIBLES","ca"
"100123704","AMAZONIA INDOMITA","ca","UNTAMED AMAZONIA","sw"
"2020364998","AMERICA SALVAJE","sk","WILD LATAM","lv"
"2020154293","AMERICA'S NATIONAL PARKS","ca","PARQUES NACIONALES NORTEAMERICANOS","ca"
"100128249","AMERICAN CHRONICLES","ca","CRONICAS AMERICANAS","pt"
"100147401","AMERICAN DRAGON","cy","AMERICAN DRAGON. JAKE LONG","tl"
"100149301","AMERICAN DRAGON. JAKE LONG","tl","AMERICAN DRAGON","cy"
"100123711","AMIGAS","lt","FREUNDINNEN","sv"
"100356410","ANIMAL ARMAGEDDON","cy","ARMAGEDON ANIMAL","tl"
"100128129","ANIMAL CANNIBALS","ca","ANIMALES CANIBALES","ca"
"100128511","ANIMAL SPIRIT","tl","ESPIRITU ANIMAL","eo"
"100123733","ANIMALES CANIBALES","ca","ANIMAL CANNIBALS","ca"
"100147409","ANIMALES COMO NOSOTROS","pt","ANIMALS LIKE US","eo"
"100147409","ANIMALES COMO NOSOTROS","pt","ANIMAUX TROP HUMAINS","fr"
"100147410","ANIMALES EXCEPCIONALES AL LIMITE","ca","STEVE LEONARD'S EXTREME ANIMALS","ca"
"100149303","ANIMALS LIKE US","eo","ANIMALES COMO NOSOTROS","pt"
"100149304","ANIMAUX TROP HUMAINS","fr","ANIMALES COMO NOSOTROS","pt"
"100129136","ANTARCTIC TRILOGY","eo","TRILOGIA ANTARTICA","ca"
"2020119299","APOCALIPSIS. STALIN","lt","APOCALYPSE. STALIN","af"
"2020119300","APOCALYPSE. STALIN","af","APOCALIPSIS. STALIN","lt"
"100128107","AQUARIO FANTASTICO","eo","ACUARIO FANTASTICO","eo"
"100128113","AQUILE","ro","AGUILAS","tl"
"100332169","ARCHITECTURES","pt","ARQUITECTURAS","la"
"100123769","ARENAS ARDIENTES","lv","BURNING SANDS","tl"
"100356409","ARMAGEDON ANIMAL","tl","ANIMAL ARMAGEDDON","cy"
"100332168","ARQUITECTURAS","la","ARCHITECTURES","pt"
"100123783","ARTESANOS","pt","HANDE WERKE KUNSTE","nl"
"100123794","ASI SON","it","EYEWITNESS","pt"
"100123796","ASIA INDOMITA","id","UNTAMED ASIA","sw"
"2020192094","ATCHOO !","so","ACHUS","la"
"2020161135","ATLANTIC","lt","ATLANTICO","st"
"2020161134","ATLANTICO","st","ATLANTIC","lt"
"2020118876","ATRAPA A ACE","ro","GET ACE","nso"
"100123814","AUGIE DOGGIE","ro","AUGIE DOGGIE DADDY","pt"
"100128153","AUGIE DOGGIE DADDY","pt","AUGIE DOGGIE","ro"
"100123820","AUSTRALIA INDOMITA","eo","UNTAMED AUSTRALIA","it"
"2020099048","AUSTRALIA SALVAJE","sk","WILD AUSTRALIA","sw"
"100147441","AVENTURAS SOBRE RUEDAS","fr","MAGIC SCHOOL BUS","tlh"
"100123626","AÑOS DORADOS, AÑOS AMARGOS","pt","GOLDENE ZEITEN","de"
"2020049544","BABILONIA DESVELADA","id","BABYLON UNVEILED","ceb"
"100128510","BABY IT'S YOU","so","ESOS LOCOS BAJITOS","pt"
"2020049545","BABYLON UNVEILED","ceb","BABILONIA DESVELADA","id"
"2020215747","BAHAMA BLUE","ceb","BAHAMAS AZULES","lt"
"2020260236","BAHAMAS AZULES","lt","BAHAMA BLUE","ceb"
"100123850","BAILARIN","az","DANCER","fr"
"100123851","BAILARINA","tl","BALLERINA","tr"
"100123858","BAJO SOSPECHA","so","UNDER SUSPICION","de"
"100128165","BALLERINA","tr","BAILARINA","tl"
"2020188464","BARCOS EXTREMOS","pt","TOUGH BOATS","tlh"
"100123865","BARRERAS","eu","BARRIERS","eu"
"2020230831","BARRIERS","eu","BARRERAS","eu"
"100128597","BASIC INSTINCT","id","INSTINTOS BASICOS","lt"
"100128172","BEAUTE SAUVAGE","af","BELLEZA SALVAJE","sl"
"100123875","BELLEZA SALVAJE","sl","BEAUTE SAUVAGE","af"
"100159575","BENJAMIN","id","BENJAMIN BLUMCHEN","de"
"100159576","BENJAMIN BLUMCHEN","de","BENJAMIN","id"
"100128543","BERRENGER'S","eu","GRANDES ALMACENES","de"
"2020333988","BIG CATS","tl","FELINOS","hu"
"100128542","BIG MAN","tl","GRAN HOMBRE","af"
"100123889","BIOMAN","az","LIVEMAN","eo"
"2020271237","BLUE PLANET II","nb","PLANETA AZUL II","eu"
"100128953","BLUE WILDERNESS","da","NATURALEZA AZUL","ro"
"100147468","BOB ESPONJA","sl","SPONGEBOB SQUAREPANTS","ca"
"100128178","BONNE ESPERANCE","eo","BUENA ESPERANZA","eu"
"100128220","BORDERTOWN","nl","CIUDAD FRONTERIZA","pt"
"2020110101","BRASIL : UNA HISTORIA NATURAL","pt","BRAZIL : A NATURAL HISTORY","pt"
"2020110102","BRAZIL : A NATURAL HISTORY","pt","BRASIL : UNA HISTORIA NATURAL","pt"
"100147473","BRIGADA ESPECIAL (2002)","pt","FASTLANE","tn"
"100123911","BUENA ESPERANZA","eu","BONNE ESPERANCE","eo"
"100147488","BUENOS DIAS MIAMI","pt","GOOD MORNING MIAMI","ceb"
"2020231601","BUNSEN ES UNA BESTIA","ca","BUNSEN IS A BEAST","hu"
"2020231583","BUNSEN IS A BEAST","hu","BUNSEN ES UNA BESTIA","ca"
"100128142","BURNING SANDS","tl","ARENAS ARDIENTES","lv"
"100147492","BUSQUEN A CHRISTIE LOVE !","fr","GET CHRISTIE LOVE!","nl"
"100128183","CAFE AMERICAIN","ro","CAFE AMERICANO","it"
"100123933","CAFE AMERICANO","it","CAFE AMERICAIN","ro"
"100123951","CALLE TRANQUILA","it","EASY STREET","nb"
"2020331275","CAMINOS EXTREMOS","pt","TOUGH TRUCKS","tlh"
"2020125074","CANADA SALVAJE","so","WILD CANADA","so"
"100147514","CANAL PIRATA","tl","CHANNEL UMPTEE 3","it"
"100390124","CAPITAN BICEPS","tl","CAPTAIN BICEPS","tr"
"100128196","CAPITOL","tl","CAPITOLIO","it"
"100123979","CAPITOLIO","it","CAPITOL","tl"
"100390125","CAPTAIN BICEPS","tr","CAPITAN BICEPS","tl"
"100147526","CARACOLIMPICOS","pt","SNAILYMPICS","ceb"
"2020029187","CARLOMAGNO","pt","CHARLE MAGNE","fr"
"100123997","CASARSE CON UNA FAMILIA","it","ICH HEIRATE EINE FAMILIE ...","de"
"100415403","CATASTROFE","ro","CATASTROPHE","it"
"100415404","CATASTROPHE","it","CATASTROFE","ro"
"100128518","CELEBRITY","ro","EXITO","pt"
"100128103","CHANCER","it","A TODO RIESGO","pl"
"100149326","CHANNEL UMPTEE 3","it","CANAL PIRATA","tl"
"2020029186","CHARLE MAGNE","fr","CARLOMAGNO","pt"
"2020029186","CHARLE MAGNE","fr","KARL DER GROSSE","af"
"2020230470","CHARMED","nb","EMBRUJADAS","pt"
"100124023","CHICOS COMO NOSOTROS","pt","GUYS LIKE US","lt"
"100124024","CHICOS DUROS","pt","NASTY BOYS","cy"
"100124027","CHINA INDOMITA","it","CHINA WILD","sw"
"100128213","CHINA WILD","sw","CHINA INDOMITA","it"
"100128247","CHRONICLE","it","CRONICA","it"
"100147546","CINCO MINUTOS MAGICOS","pt","FIVE MAGIC MINUTES","da"
"100124054","CIRCO AMBULANTE","it","RONCALLI","it"
"100124055","CIRCO MAGICO","pt","MAGIC CIRCUS","lv"
"2020345260","CITAS","eo","CITES","ca"
"2020345118","CITES","ca","CITAS","eo"
"100124065","CIUDAD FRONTERIZA","pt","BORDERTOWN","nl"
"2020363952","CIUDADES SALVAJES","pt","WILD METROPOLIS","lt"
"2020337021","CIUDADES SECRETAS","pt","SECRET CITIES","lv"
"2020098227","CLASSICAL DESTINATIONS","fr","DESTINOS CLASICOS","pt"
"100124083","CLOROFILA","tl","CLOROFILLA DAL CIELO BLU","it"
"100128223","CLOROFILLA DAL CIELO BLU","it","CLOROFILA","tl"
"2020195070","COCINA REAL","ca","CUISINE ROYALE","ro"
"2020142040","COLOMBIA SALVAJE","it","WILD COLOMBIA","it"
"100124098","COLOMBO","it","COLUMBO","it"
"100128225","COLUMBO","it","COLOMBO","it"
"2020027242","COMIDAS CARAS","pt","EXPENSIVE EATS","ca"
"100124104","COMISARIA PACIFICO","pt","PACIFIC STATION","it"
"100147573","COMO UNA FAMILIA","it","LIKE FAMILY","af"
"2020022170","CON MIS OJOS","fr","WAS DU NICHT SIEHST","de"
"2020022170","CON MIS OJOS","fr","DANS TES YEUX","fr"
"100128237","CONQUEST","ca","CONQUISTA","it"
"100124143","CONQUISTA","it","CONQUEST","ca"
"2020364653","CONSTRUCCIONES IMPOSIBLES","ca","IMPOSSIBLE BUILDS","tr"
"2020110690","CONSTRUIR LO IMPOSIBLE","fr","ENGINEERING THE IMPOSSIBLE","af"
"2020020963","CONSTRUIRE LE FUTUR","fr","MIT ENERGIE IN DIE ZUKUNFT","de"
"2020374166","COREA SALVAJE","ro","WILD KOREA","eu"
"100188644","CRIANDO MALVAS","eo","PUSHING DAISIES","af"
"100124193","CRONICA","it","CHRONICLE","it"
"100124200","CRONICAS AMERICANAS","pt","AMERICAN CHRONICLES","ca"
"100128550","CROSSBOW","cs","GUILLERMO TELL","fi"
"2020195072","CUISINE ROYALE","ro","COCINA REAL","ca"
"100128164","DANCER","fr","BAILARIN","az"
"100149521","DANGEROUS MINDS","id","MENTES PELIGROSAS","ca"
"2020075899","DANS TES YEUX","fr","CON MIS OJOS","fr"
"2020075899","DANS TES YEUX","fr","WAS DU NICHT SIEHST","de"
"100129177","DARK SHADOWS","so","VAMPIROS","lt"
"100128122","DARK VICTORY","lt","AMARGA VICTORIA","id"
"100124259","DAWSON CRECE","fr","DAWSON'S CREEK","eu"
"100128268","DAWSON'S CREEK","eu","DAWSON CRECE","fr"
"2020180037","DEADLY GAME","it","JUEGOS MORTALES","ca"
"100124322","DESCONOCIDA UNION SOVIETICA","it","UNBEKANNTE SOWJET UNION","it"
"100168180","DESIGN","de","DISEÑO (1998 - 2008)","eo"
"100149347","DESTINATION MONDE","fr","DESTINO MUNDO","eo"
"100267755","DESTINATIONS","fr","DESTINOS","pt"
"100147664","DESTINO MUNDO","eo","DESTINATION MONDE","fr"
"100267754","DESTINOS","pt","DESTINATIONS","fr"
"2020098226","DESTINOS CLASICOS","pt","CLASSICAL DESTINATIONS","fr"
"100124333","DETECTIVE PRIVADO","pt","PRIVATE EYE","hr"
"100401535","DIE FARBEN DER WUSTEN","de","LES COULEURS DU DESERT","fr"
"100129138","DIE FREUNDE DES FROHLICHEN TEUFELS","de","UN AMIGO MUY ESPECIAL","ca"
"100159801","DIEZ MAS DOS","pt","10 + 2","UNKNOWN"
"100124349","DIGIMON","eo","DIGITAL DIGIMON MONSTERS","ca"
"100128296","DIGITAL DIGIMON MONSTERS","ca","DIGIMON","eo"
"2020251063","DIGITOS","pt","DIGITS","ca"
"2020231190","DIGITS","ca","DIGITOS","pt"
"100124355","DINASTIA","ro","DYNASTY","cs"
"2020329450","DINASTIAS","la","DYNASTIES","lv"
"100124359","DINOSAURIOS","lt","DINOSAURS","af"
"100128300","DINOSAURS","af","DINOSAURIOS","lt"
"100168179","DISEÑO (1998 - 2008)","eo","DESIGN","de"
"2020216264","DIVISION ODD","cy","ODD SQUAD","cy"
"100124376","DOCTOR FAUSTO","pt","DOKTOR FAUSTUS","la"
"100128304","DOKTOR FAUSTUS","la","DOCTOR FAUSTO","pt"
"100124399","DOS HERMANOS","pt","DUE FRATELLI","it"
"100124406","DRACULIN","af","LITTLE DRAC","sl"
"100129169","DRESS GRAY","pt","UNIFORME GRIS","fr"
"100128993","DUCKTALES","fr","PATOAVENTURAS","pt"
"100124409","DUDAS RAZONABLES","fr","REASONABLE DOUBTS","fr"
"100128308","DUE FRATELLI","it","DOS HERMANOS","pt"
"100147705","DULCE HOGAR A VECES","fr","PARENTHOOD","fr"
"2020329445","DYNASTIES","lv","DINASTIAS","la"
"100128298","DYNASTY","cs","DINASTIA","ro"
"100129122","EARTH 2","cy","TIERRA 2","lv"
"100128186","EASY STREET","nb","CALLE TRANQUILA","it"
"100128986","EDENS LOST","da","PARAISO PERDIDO","pt"
"100129164","EIN WAHNSINNSKIND","de","UNA NIÑA INCREIBLE","xh"
"2020230468","EMBRUJADAS","pt","CHARMED","nb"
"2020110691","ENGINEERING THE IMPOSSIBLE","af","CONSTRUIR LO IMPOSIBLE","fr"
"100124895","ENREDO","eo","SOAP","so"
"100124934","ESOS LOCOS BAJITOS","pt","BABY IT'S YOU","so"
"2020355641","ESPACIOS INCREIBLES","ca","AMAZING SPACES","zu"
"2020326311","ESPAGUETIS CON SALCHICHAS","pt","FRIKADELLE - TAGLIATELLE    ","it"
"100124966","ESPIRITU ANIMAL","eo","ANIMAL SPIRIT","tl"
"2020335575","ESTEREOTIPOS","la","STEREOTYPES","de"
"100125017","EUROPA OCULTA","haw","HIDDEN EUROPE","nl"
"100391187","EVERYTHING'S ROSIE","af","TODO ES ROSIE","pt"
"100125023","EXITO","pt","CELEBRITY","ro"
"100125024","EXPEDICION","la","EXPEDITION","la"
"100128519","EXPEDITION","la","EXPEDICION","la"
"2020027241","EXPENSIVE EATS","ca","COMIDAS CARAS","pt"
"2020141325","EXTREME AFRICA","fr","AFRICA EXTREMA","pt"
"100128150","EYEWITNESS","pt","ASI SON","it"
"2020119539","FACING ATLANTIC","tl","MIRANDO AL ATLANTICO","eo"
"100125040","FAMA","ha","FAME","it"
"100128522","FAME","it","FAMA","ha"
"100149580","FAMILY AFFAIR","is","UN ASUNTO FAMILIAR","eu"
"100149318","FASTLANE","tn","BRIGADA ESPECIAL (2002)","pt"
"2020334069","FELINOS","hu","BIG CATS","tl"
"100128102","FIFTY FIFTY","vi","A MEDIAS","pt"
"100373381","FISH LIFE","sq","VIDA ACUATICA","pt"
"100129021","FISH POLICE","sq","POLICIA MARINA","ca"
"2020225138","FISHING IMPOSSIBLE 2","da","PESCA IMPOSIBLE 2","it"
"100149332","FIVE MAGIC MINUTES","da","CINCO MINUTOS MAGICOS","pt"
"100128531","FLEUR BLEUE","fr","FLOR AZUL","ro"
"100125089","FLOR AZUL","ro","FLEUR BLEUE","fr"
"2020228664","FOOD - DELICIOUS SCIENCE","fr","QUE COMEMOS","pt"
"100148021","FORMAS NATURALES","pt","NATURAL SHAPES","pt"
"100128125","FREUNDINNEN","sv","AMIGAS","lt"
"2020326313","FRIKADELLE - TAGLIATELLE","it","ESPAGUETIS CON SALCHICHAS","pt"
"2020179166","FUTURESCAPE","la","PANORAMAS FUTUROS","pt"
"100128948","GEHEIMNISSE DES MERES","de","MUNDO SUBMARINO","eo"
"2020118877","GET ACE","nso","ATRAPA A ACE","ro"
"100149322","GET CHRISTIE LOVE!","nl","BUSQUEN A CHRISTIE LOVE !","fr"
"100129176","GETTING BY","sv","VAMOS TIRANDO","lt"
"100168864","GLOBE TREKKER","nb","TROTAMUNDOS","pt"
"100128106","GOLDENE ZEITEN","de","AÑOS DORADOS, AÑOS AMARGOS","pt"
"100149320","GOOD MORNING MIAMI","ceb","BUENOS DIAS MIAMI","pt"
"100128108","GOODBYE MISTER CHIPS","de","ADIOS MISTER CHIPS","ca"
"100125164","GRAN HOMBRE","af","BIG MAN","tl"
"2020179874","GRAND DESIGNS","de","GRANDES DISEÑOS","de"
"100125169","GRANDES ALMACENES","de","BERRENGER'S","eu"
"100125172","GRANDES COMICOS AMERICANOS","pt","LES GRANDS BURLESQUES AMERICAINS","ca"
"2020179880","GRANDES DISEÑOS","de","GRAND DESIGNS","de"
"100125174","GRANDES EXPERIMENTOS","pt","GREAT EXPERIMENTS","ca"
"2020178476","GRANDES RESTAURANTES, GRANDES CIUDADES","pt","TOP TABLES, TOP CITIES","lv"
"100129064","GRAPEVINE","de","RUMORES","fr"
"100128546","GREAT EXPERIMENTS","ca","GRANDES EXPERIMENTOS","pt"
"100128936","GREEK MYTHS","lt","MITOS GRIEGOS","lt"
"100128926","GROOVIES GHOULIES","lv","MIS QUERIDOS MONSTRUOS","pt"
"100149297","GROWN UPS","lt","ADULTOS? (GUION TV)","tl"
"100148074","GUIAS PILOT","lv","PILOT GUIDES","lv"
"100125182","GUILLERMO TELL","fi","CROSSBOW","cs"
"100128211","GUYS LIKE US","lt","CHICOS COMO NOSOTROS","pt"
"100129083","HALS UEBER KOPF","de","SIN PIES NI CABEZA","it"
"100128147","HANDE WERKE KUNSTE","nl","ARTESANOS","pt"
"2020334334","HAY QUE VERLO PARA CREERLO !","pt","MENSCHENSKINDER","de"
"100128517","HIDDEN EUROPE","nl","EUROPA OCULTA","haw"
"2020109222","HIDDEN KINGDOMS","nl","REINOS OCULTOS","pt"
"100148104","HIMALAYA CON MICHAEL PALIN","tl","HIMALAYA WITH MICHAEL PALIN","sw"
"100149431","HIMALAYA WITH MICHAEL PALIN","sw","HIMALAYA CON MICHAEL PALIN","tl"
"100125268","HOMBRE RICO, HOMBRE POBRE","fr","RICH MAN, POOR MAN","nl"
"100129003","HOT PURSUIT","la","PERSECUCION IMPLACABLE","it"
"100149555","HOW GREEN WAS MY VALLEY","nl","QUE VERDE ERA MI VALLE","nl"
"2020218205","HUMAINS 3.0","fr","HUMANOS 3.0","pt"
"100406555","HUMAN PLANET","nl","PLANETA HUMANO","ve"
"2020267820","HUMANOS 3.0","pt","HUMAINS 3.0","fr"
"100129209","I CLAUDIUS","lt","YO CLAUDIO","ve"
"2020292171","IBERIA SALVAJE","id","WILD IBERIA","id"
"100128202","ICH HEIRATE EINE FAMILIE ...","de","CASARSE CON UNA FAMILIA","it"
"100400688","IMPACTO FINAL","tl","ULTIMATE IMPACT","hr"
"2020338051","IMPOSSIBLE BUILDS","tr","CONSTRUCCIONES IMPOSIBLES","ca"
"100125322","INDONESIA SALVAJE","la","WILD INDONESIA","la"
"100148155","INFORME CIENTIFICO","it","SCIENCE REPORT","fr"
"100125333","INSTINTOS BASICOS","lt","BASIC INSTINCT","id"
"100125334","INSTITUTO ALPINO","it","LYCEE ALPIN","nl"
"2020228967","ITALIA : CIUDADES OCULTAS","pt","ITALY'S INVISIBLE CITIES","lv"
"2020228833","ITALY'S INVISIBLE CITIES","lv","ITALIA : CIUDADES OCULTAS","pt"
"100128900","JABBERJAW","id","MANDIBULIN","ha"
"100128970","JACK GOOD'S OH BOY","tlh","OH BOY","tlh"
"2020320417","JAMIE A DES TENTACULES !","pt","JAMIE TENTACULOS","pt"
"2020134949","JAMIE TENTACULOS","pt","JAMIE'S GOT TENTACLES !","ca"
"2020134949","JAMIE TENTACULOS","pt","JAMIE A DES TENTACULES !","pt"
"2020105871","JAMIE'S GOT TENTACLES !","ca","JAMIE TENTACULOS","pt"
"2020159555","JAPON SALVAJE","et","WILD JAPAN","pl"
"100148177","JOSEFINA","fi","JOSEPHINE","haw"
"100125379","JOSEPHINE","haw","JOSEFINA","fi"
"100125383","JOVENES MEDICOS","la","MEDICINE BALL","la"
"2020180036","JUEGOS MORTALES","ca","DEADLY GAME","it"
"2020157895","JUNGLE PLANET","nso","PLANETA SELVA","hr"
"2020029188","KARL DER GROSSE","af","CHARLE MAGNE","fr"
"100129074","KIDNAPPED","sl","SECUESTRADO","pt"
"2020147663","KROLWA BONA","tn","REINA BONA","nso"
"100128974","L'OPERA SAUVAGE","ca","OPERA SALVAJE","id"
"100128979","LAENDER MENSCHEN ABENTEUER","de","PAISES HOMBRES AVENTURAS","pt"
"100415661","LATINOAMERICA SALVAJE","sk","WILDEST LATIN AMERICA","ca"
"100125905","LAURA","ca","LAURIE HILL","lt"
"100128790","LAURIE HILL","lt","LAURA","ca"
"100129152","LE MEILLEUR DES MONDES","fr","UN NUEVO MUNDO","sq"
"2020309169","LEGENDARY MEGASTRUCTURES","fr","MEGAESTRUCTURAS LEGENDARIAS","ca"
"100401533","LES COULEURS DU DESERT","fr","DIE FARBEN DER WUSTEN","de"
"100128544","LES GRANDS BURLESQUES AMERICAINS","ca","GRANDES COMICOS AMERICANOS","pt"
"100149535","LEVEL 9","ca","NIVEL 9","nl"
"100149335","LIKE FAMILY","af","COMO UNA FAMILIA","it"
"100128311","LITTLE DRAC","sl","DRACULIN","af"
"100149543","LITTLE PRINCESS","fr","PEQUEÑA PRINCESA","pt"
"100128174","LIVEMAN","eo","BIOMAN","az"
"100129203","LIVING DANGEROUSLY","id","VIVIR PELIGROSAMENTE","af"
"100129092","LIVING SINGLE","ss","SOLTERAS","sv"
"100125928","LLAMADAS A MEDIANOCHE","it","MIDNIGHT CALLER","nb"
"100129193","LOGGERHEADS","eo","VILLABRONCAS","lt"
"100129013","LONELY PLANET","ss","PLANETA SOLITARIO","it"
"2020015890","LONELY PLANET: BLUELIST AUSTRALIA","la","LONELY PLANET: LISTA AZUL AUSTRALIA","eo"
"2020015891","LONELY PLANET: LISTA AZUL AUSTRALIA","eo","LONELY PLANET: BLUELIST AUSTRALIA","la"
"100128598","LYCEE ALPIN","nl","INSTITUTO ALPINO","it"
"100128219","MAGIC CIRCUS","lv","CIRCO MAGICO","pt"
"2020012022","MAGIC MOUNTAINS","fr","MONTAÑAS MAGICAS","eo"
"100149309","MAGIC SCHOOL BUS","tlh","AVENTURAS SOBRE RUEDAS","fr"
"100126180","MAGICAMENTE VUESTRO","pt","MAGIQUEMENT VOTRE","fr"
"2020313427","MAGILLA GORILLA","nso","MAGUILA GORILA","nso"
"100128896","MAGIQUEMENT VOTRE","fr","MAGICAMENTE VUESTRO","pt"
"100126181","MAGUILA GORILA","nso","MAGILLA GORILLA","nso"
"100148506","MALIBU","haw","MALIBU CA","tl"
"100149517","MALIBU CA","tl","MALIBU","haw"
"100126186","MALIBU ROAD 2000","la","2000 MALIBU ROAD","la"
"100126189","MAMA LUCIA","haw","MAMMA LUCIA","haw"
"100148507","MAMIFEROS MARINOS I","ca","MARINE MAMMALS I","haw"
"100128898","MAMMA LUCIA","haw","MAMA LUCIA","haw"
"100126191","MANDIBULIN","ha","JABBERJAW","id"
"100290575","MANKELLS WALLANDER","da","WALLANDER (SERIE SUECA)","de"
"2020361233","MAREA","ro","TIDE","nb"
"100126211","MARIE CURIE UNA MUJER HONORABLE","ro","MARIE CURIE UNE FEMME HONORABLE","ro"
"100128902","MARIE CURIE UNE FEMME HONORABLE","ro","MARIE CURIE UNA MUJER HONORABLE","ro"
"100149518","MARINE MAMMALS I","haw","MAMIFEROS MARINOS I","ca"
"100149532","MAROONS","ca","NAUFRAGOS","tl"
"100148514","MARTIN MATIN","ha","MARTIN MORNING","ceb"
"100149519","MARTIN MORNING","ceb","MARTIN MATIN","ha"
"2020319691","MASTERWORKS","et","OBRAS MAESTRAS","pt"
"100126234","MATRIMONIO A PRUEBA","eo","TRIAL BY MARRIAGE","da"
"100128609","MEDICINE BALL","la","JOVENES MEDICOS","la"
"2020355244","MEGAESTRUCTURAS LEGENDARIAS","ca","LEGENDARY MEGASTRUCTURES","fr"
"2020334333","MENSCHENSKINDER","de","HAY QUE VERLO PARA CREERLO !","pt"
"100148532","MENTES PELIGROSAS","ca","DANGEROUS MINDS","id"
"2020248083","MESSY GOES TO OKIDO","pt","MESSY VA A OKIDO","haw"
"2020248082","MESSY VA A OKIDO","haw","MESSY GOES TO OKIDO","pt"
"100126275","MI DOBLE IDENTIDAD","it","MY SECRET IDENTITY","la"
"100126276","MI HERMANA DOROTHY","ve","SOB SISTERS","de"
"2020337873","MI ODISEA GRIEGA","nso","MY GREEK ODYSSEY","cs"
"100126278","MI PEQUEÑO MONSTRUO","ca","MY PET MONSTER","nb"
"100126279","MI PEQUEÑO PONY","pl","MY LITTLE PONY","cs"
"100126280","MI PRIMA RAQUEL","hr","MY COUSIN RACHEL","it"
"2020086879","MICRO MONSTERS","fr","MICRO MONSTRUOS","pt"
"2020086878","MICRO MONSTRUOS","pt","MICRO MONSTERS","fr"
"100128794","MIDNIGHT CALLER","nb","LLAMADAS A MEDIANOCHE","it"
"100148543","MIM, MI INTELIGENTE MUÑECO","de","MIMU IRO IRO YUME NO TABI","hr"
"100149525","MIMU IRO IRO YUME NO TABI","hr","MIM, MI INTELIGENTE MUÑECO","de"
"2020119538","MIRANDO AL ATLANTICO","eo","FACING ATLANTIC","tl"
"2020186624","MIRAR, DISTRAERSE, MEDITAR","ca","ZUSCHAUEN ENTSPANNEN NACHDENKEN","nl"
"100126303","MIS QUERIDOS MONSTRUOS","pt","GROOVIES GHOULIES","lv"
"100148555","MISION ODISEA","fi","MISSION ODYSSEY","fr"
"100126310","MISION TIERRA","fi","MISSION EARTH","fr"
"100128931","MISSION EARTH","fr","MISION TIERRA","fi"
"100149526","MISSION ODYSSEY","fr","MISION ODISEA","fi"
"100400326","MISSISSIPPI SALVAJE","et","WILD MISSISSIPPI","fr"
"100126321","MISTERIOS SIN RESOLVER","de","UNSOLVED MYSTERIES","lv"
"2020021136","MIT ENERGIE IN DIE ZUKUNFT","de","CONSTRUIRE LE FUTUR","fr"
"100126323","MITOS GRIEGOS","lt","GREEK MYTHS","lt"
"100293385","MIXEUR. LES GOUTS ET LES IDEES","fr","MIXEUR. SABORES E IDEAS","fr"
"100293384","MIXEUR. SABORES E IDEAS","fr","MIXEUR. LES GOUTS ET LES IDEES","fr"
"2020056904","MONSTER VS ALIENS","ca","MONSTRUOS CONTRA ALIENIGENAS","pt"
"2020056903","MONSTRUOS CONTRA ALIENIGENAS","pt","MONSTER VS ALIENS","ca"
"2020012021","MONTAÑAS MAGICAS","eo","MAGIC MOUNTAINS","fr"
"2020203510","MONTE ALTO","it","SI FUERAS TU","la"
"100126366","MUNDO MARAVILLOSO","sq","WUNDERWELT WIESE","de"
"100126367","MUNDO NATURAL","pt","NATURAL WORLD","pt"
"100126372","MUNDO SUBMARINO","eo","GEHEIMNISSE DES MERES","de"
"100126373","MUNDOS APARTE","sq","WORLDS APART","lt"
"100128923","MY COUSIN RACHEL","it","MI PRIMA RAQUEL","hr"
"2020301199","MY GREEK ODYSSEY","cs","MI ODISEA GRIEGA","nso"
"100128922","MY LITTLE PONY","cs","MI PEQUEÑO PONY","pl"
"100128921","MY PET MONSTER","nb","MI PEQUEÑO MONSTRUO","ca"
"100128919","MY SECRET IDENTITY","la","MI DOBLE IDENTIDAD","it"
"100148602","NADJA","hr","NADJA. APPLE FIELDS","lv"
"100149531","NADJA. APPLE FIELDS","lv","NADJA","hr"
"100128212","NASTY BOYS","cy","CHICOS DUROS","pt"
"100129181","NATTSEILERE","ro","VIAJE NOCTURNO","sl"
"100129178","NATURAL NEIGHBOURS","pt","VECINOS NATURALES","pt"
"100149417","NATURAL SHAPES","pt","FORMAS NATURALES","pt"
"100128419","NATURAL WORLD","pt","MUNDO NATURAL","pt"
"100126435","NATURALEZA","sw","NATURE","la"
"100126436","NATURALEZA AZUL","ro","BLUE WILDERNESS","da"
"100345524","NATURALEZA INSOLITA","sl","WEIRD NATURE","af"
"100130523","NATURALEZA SALVAJE (MEDIO AMBIENTE)","pt","SAVAGE WILDERNESS","da"
"100126440","NATURALEZA SECRETA","sw","SECRET NATURE","la"
"100128952","NATURE","la","NATURALEZA","sw"
"100364257","NATURE TECH","pl","TECNOLOGIA NATURAL","pt"
"100148614","NAUFRAGOS","tl","MAROONS","ca"
"2020220370","NELLA THE PRINCESS KNIGHT","it","NELLA, UNA PRINCESA VALIENTE","it"
"2020222531","NELLA, UNA PRINCESA VALIENTE","it","NELLA THE PRINCESS KNIGHT","it"
"2020124936","NELSON MANDELA REDIBUJADO","eo","NELSON MANDELA REDRAWN","sv"
"2020124937","NELSON MANDELA REDRAWN","sv","NELSON MANDELA REDIBUJADO","eo"
"100148621","NIVEL 9","nl","LEVEL 9","ca"
"2020308081","NO OLVIDADOS","pt","UNFORGOTTEN","de"
"100126460","NO TAN BESTIAS","lv","PAS SI BETES","lt"
"2020131130","NOBLESSE OBLIGE","af","NOBLEZA OBLIGA","sl"
"2020131129","NOBLEZA OBLIGA","sl","NOBLESSE OBLIGE","af"
"100129185","NORMAL LIFE","eo","VIDA NORMAL","pt"
"2020111318","NORTEAMERICA","sk","NORTH AMERICA","sk"
"2020111319","NORTH AMERICA","sk","NORTEAMERICA","sk"
"100126493","NUESTRO MUNDO LIMITADO","eo","OUR FINITE WORLD","af"
"2020299399","NUESTRO PLANETA (2018)","eo","ONE STRANGE ROCK","nb"
"100126508","OBRAS MAESTRAS","pt","MASTERWORKS","et"
"100128969","OCEAN WILDS","nl","OCEANOS SALVAJES","pt"
"100126511","OCEANOS SALVAJES","pt","OCEAN WILDS","nl"
"2020166511","ODD SQUAD","cy","DIVISION ODD","cy"
"100148650","ODISEA ESPACIAL","ca","SPACE ODYSSEY","cs"
"100394849","ODISEAS VOLCANICAS","sl","VOLCANIC ODYSSEYS","sl"
"100126516","OH BOY","tlh","JACK GOOD'S OH BOY","tlh"
"100126545","OMNI","sl","OMNI. THE NEW FRONTIER","it"
"100128973","OMNI. THE NEW FRONTIER","it","OMNI","sl"
"100129025","ON OUR OWN","cy","POR NOSOTROS MISMOS","pt"
"2020290222","ONE STRANGE ROCK","nb","NUESTRO PLANETA (2018)","eo"
"100126550","OPERA SALVAJE","id","L'OPERA SAUVAGE","ca"
"100128965","OUR FINITE WORLD","af","NUESTRO MUNDO LIMITADO","eo"
"100126577","PABELLONES LEJANOS","ca","PADIGLIONI LONTANI","it"
"100128227","PACIFIC STATION","it","COMISARIA PACIFICO","pt"
"100128977","PADIGLIONI LONTANI","it","PABELLONES LEJANOS","ca"
"100126587","PAISES HOMBRES AVENTURAS","pt","LAENDER MENSCHEN ABENTEUER","de"
"2020179165","PANORAMAS FUTUROS","pt","FUTURESCAPE","la"
"100126606","PARACELSO","pt","PARACELSUS","lt"
"100128984","PARACELSUS","lt","PARACELSO","pt"
"100126609","PARAISO PERDIDO","pt","EDENS LOST","da"
"100149362","PARENTHOOD","fr","DULCE HOGAR A VECES","fr"
"2020183353","PARIS - BERLIN: DESTINOS CRUZADOS","pt","PARIS - BERLIN: DESTINS CROISES","fr"
"2020183354","PARIS - BERLIN: DESTINS CROISES","fr","PARIS - BERLIN: DESTINOS CRUZADOS","pt"
"2020154292","PARQUES NACIONALES NORTEAMERICANOS","ca","AMERICA'S NATIONAL PARKS","ca"
"2020333288","PAS SI BETES","lt","NO TAN BESTIAS","lv"
"100126630","PASO A PASO","pt","STEP BY STEP","cs"
"2020234551","PATAGONIA SALVAJE","sk","WILD PATAGONIA","pl"
"100148738","PATO BILL","it","SITTING DUCKS","ceb"
"100126634","PATOAVENTURAS","pt","DUCKTALES","fr"
"100126636","PATRIMONIO REAL","eo","ROYAL HERITAGE","da"
"100126637","PATRULLERO ADAM 12","pt","ADAM 12","la"
"100126640","PECADOS","pt","SINS","is"
"100148745","PEQUEÑA PRINCESA","pt","LITTLE PRINCESS","fr"
"100126667","PERSECUCION IMPLACABLE","it","HOT PURSUIT","la"
"2020281476","PESCA IMPOSIBLE 2","it","FISHING IMPOSSIBLE 2","da"
"100126679","PIENSALO MAÑANA","nso","SEAL MORNING","nb"
"100149428","PILOT GUIDES","lv","GUIAS PILOT","lv"
"100126689","PIPPI CALZASLARGAS","lv","PIPPI LANGSTRUMP","tl"
"100129011","PIPPI LANGSTRUMP","tl","PIPPI CALZASLARGAS","lv"
"100149548","PLANET CARNIVORE","nb","PLANETA CARNIVORO","pt"
"2020079348","PLANET DINOSAUR","la","PLANETA DINOSAURIO","eo"
"100149550","PLANET EARTH","nso","PLANETA TIERRA (2006)","eo"
"2020212013","PLANET EARTH 2","nso","PLANETA TIERRA II","hr"
"2020108604","PLANET EGYPT","nso","PLANETA EGIPTO","eo"
"100413803","PLANET FOOD","da","PLANETA GASTRONOMICO","eo"
"100149549","PLANET WILD","nso","PLANETA SALVAJE","hr"
"2020171357","PLANETA ARENA","eu","PLANETE SABLE","et"
"100148775","PLANETA ASOMBROSO","eo","AMAZING PLANET","zu"
"2020324177","PLANETA AZUL II","eu","BLUE PLANET II","nb"
"100148778","PLANETA CARNIVORO","pt","PLANET CARNIVORE","nb"
"2020079347","PLANETA DINOSAURIO","eo","PLANET DINOSAUR","la"
"2020108603","PLANETA EGIPTO","eo","PLANET EGYPT","nso"
"100413804","PLANETA GASTRONOMICO","eo","PLANET FOOD","da"
"100406554","PLANETA HUMANO","ve","HUMAN PLANET","nl"
"100129012","PLANETA IMAGINARI","id","PLANETA IMAGINARIO","eo"
"100126696","PLANETA IMAGINARIO","eo","PLANETA IMAGINARI","id"
"100148780","PLANETA SALVAJE","hr","PLANET WILD","nso"
"2020155086","PLANETA SELVA","hr","JUNGLE PLANET","nso"
"100176006","PLANETA SOLITARIO","it","LONELY PLANET","ss"
"100148781","PLANETA TIERRA (2006)","eo","PLANET EARTH","nso"
"2020221453","PLANETA TIERRA II","hr","PLANET EARTH 2","nso"
"2020171358","PLANETE SABLE","et","PLANETA ARENA","eu"
"100126723","POLICIA MARINA","ca","FISH POLICE","sq"
"100126740","POR NOSOTROS MISMOS","pt","ON OUR OWN","cy"
"100129056","PORTRAITS","fr","RETRATOS","pt"
"100126745","POSESION","fr","POSSESSION","fr"
"100129026","POSSESSION","fr","POSESION","fr"
"100126778","PRINCESAS","lt","PRINCESSES","pt"
"100129031","PRINCESSES","pt","PRINCESAS","lt"
"100128292","PRIVATE EYE","hr","DETECTIVE PRIVADO","pt"
"100149553","PROJECT GEEKER","nl","PROYECTO GEEKER","pt"
"100148844","PROYECTO GEEKER","pt","PROJECT GEEKER","nl"
"100188645","PUSHING DAISIES","af","CRIANDO MALVAS","eo"
"2020228673","QUE COMEMOS","pt","FOOD - DELICIOUS SCIENCE","fr"
"100148856","QUE VERDE ERA MI VALLE","nl","HOW GREEN WAS MY VALLEY","nl"
"100126816","QUEEN","ca","ALEX HALEY'S QUEEN","ca"
"100129124","QUICK DRAW MAC GRAW","la","TIROLOCO MAC GRAW","tn"
"100126830","RAICES","lv","ROOTS","lv"
"100128313","REASONABLE DOUBTS","fr","DUDAS RAZONABLES","fr"
"2020254199","REDESIGN MY BRAIN 2","de","REDISEÑANDO MI CEREBRO 2","ro"
"2020254192","REDISEÑANDO MI CEREBRO 2","ro","REDESIGN MY BRAIN 2","de"
"100126860","REINA BONA","nso","KROLWA BONA","tn"
"2020109221","REINOS OCULTOS","pt","HIDDEN KINGDOMS","nl"
"100129175","RELATIVE VALUES","et","VALORES RELATIVOS","lv"
"100126879","RETRATOS","pt","PORTRAITS","fr"
"100128580","RICH MAN, POOR MAN","nl","HOMBRE RICO, HOMBRE POBRE","fr"
"100126895","RITUALES","et","RITUALS","ca"
"100129059","RITUALS","ca","RITUALES","et"
"100129060","ROBBERY UNDER ARMS","de","ROBO A MANO ARMADA","pt"
"100126905","ROBO A MANO ARMADA","pt","ROBBERY UNDER ARMS","de"
"100128218","RONCALLI","it","CIRCO AMBULANTE","it"
"100129039","ROOTS","lv","RAICES","lv"
"100128994","ROYAL HERITAGE","da","PATRIMONIO REAL","eo"
"100126916","RUMORES","fr","GRAPEVINE","de"
"100268628","RUSIA SALVAJE","sk","WILD RUSSIA","fr"
"100126941","SALTO AL INFINITO","tl","SLIDERS","af"
"2020253168","SALVAJES ISLAS GALAPAGOS","tl","WILD GALAPAGOS","tl"
"100128955","SAVAGE WILDERNESS","da","NATURALEZA SALVAJE (MEDIO AMBIENTE)","pt"
"100149438","SCIENCE REPORT","fr","INFORME CIENTIFICO","it"
"100129081","SE UN GIORNO BUSSERAI ALLA MIA PORTA","it","SI UN DIA LLAMAS A MI PUERTA","id"
"100129008","SEAL MORNING","nb","PIENSALO MAÑANA","nso"
"2020330090","SECRET CITIES","lv","CIUDADES SECRETAS","pt"
"100128957","SECRET NATURE","la","NATURALEZA SECRETA","sw"
"100129077","SECRET SERVICES","da","SERVICIOS SECRETOS","ca"
"100126969","SECUESTRADO","pt","KIDNAPPED","sl"
"100126970","SED BUENOS ... SI PODEIS","lt","STATE BUONI ... SE POTETE","hr"
"2020338661","SERENGETI","nb","SERENGUETI","nb"
"2020338719","SERENGUETI","nb","SERENGETI","nb"
"100127000","SERVICIOS SECRETOS","ca","SECRET SERVICES","da"
"100149563","SETTE MARE","da","SIETE MARES","da"
"100149562","SEVEN DAYS","de","SIETE DIAS (INTRIGA)","la"
"100129111","SHAKY GROUND","de","TERRENO INSEGURO","eo"
"100129112","SHARK TERROR","da","TERROR TIBURONES","la"
"2020183465","SI FUERAS TU","la","MONTE ALTO","it"
"100127012","SI UN DIA LLAMAS A MI PUERTA","id","SE UN GIORNO BUSSERAI ALLA MIA PORTA","it"
"100326990","SIETE DIAS (INTRIGA)","la","SEVEN DAYS","de"
"100148973","SIETE MARES","da","SETTE MARE","da"
"2020268012","SIN PALABRAS","fi","VISION ON","fi"
"100127029","SIN PIES NI CABEZA","it","HALS UEBER KOPF","de"
"100129093","SINGLES","ca","SOLTEROS","ca"
"100128996","SINS","is","PECADOS","pt"
"100149542","SITTING DUCKS","ceb","PATO BILL","it"
"100149296","SIX FEET UNDER","da","A DOS METROS BAJO TIERRA","pt"
"100129068","SLIDERS","af","SALTO AL INFINITO","tl"
"100149328","SNAILYMPICS","ceb","CARACOLIMPICOS","pt"
"2020260557","SOAP","so","ENREDO","eo"
"100128920","SOB SISTERS","de","MI HERMANA DOROTHY","ve"
"100148981","SOBRENATURAL","ca","SUPERNATURAL","la"
"100127050","SOLTERAS","sv","LIVING SINGLE","ss"
"100127051","SOLTEROS","ca","SINGLES","ca"
"100129127","SOMETHING SO RIGHT","nb","TODO VA SOBRE RUEDAS","sl"
"100149537","SPACE ODYSSEY","cs","ODISEA ESPACIAL","ca"
"100127062","SPENSER DETECTIVE PRIVADO","pt","SPENSER FOR HYRE","da"
"100129096","SPENSER FOR HYRE","da","SPENSER DETECTIVE PRIVADO","pt"
"100149316","SPONGEBOB SQUAREPANTS","ca","BOB ESPONJA","sl"
"2020148902","SRI LANKA SALVAJE","so","WILD SRI LANKA","ts"
"100129075","STATE BUONI ... SE POTETE","hr","SED BUENOS ... SI PODEIS","lt"
"100128992","STEP BY STEP","cs","PASO A PASO","pt"
"2020288819","STEREOTYPES","de","ESTEREOTIPOS","la"
"100149305","STEVE LEONARD'S EXTREME ANIMALS","ca","ANIMALES EXCEPCIONALES AL LIMITE","ca"
"2020217185","SUPER SENSES 2 : SPECIAL FORCES","ca","SUPER SENTIDOS : FUERZAS ESPECIALES","la"
"2020253504","SUPER SENTIDOS : FUERZAS ESPECIALES","la","SUPER SENSES 2 : SPECIAL FORCES","ca"
"100148997","SUPERHOMBRE","it","SUPERHUMAN","ha"
"100149566","SUPERHUMAN","ha","SUPERHOMBRE","it"
"100149564","SUPERNATURAL","la","SOBRENATURAL","ca"
"2020232679","TECNOLOGIA ANIMAL","eo","WONDER OF ANIMALS","af"
"100364255","TECNOLOGIA NATURAL","pt","NATURE TECH","pl"
"100192733","TENDRESSES ANIMALES","fr","TERNURA SALVAJE","sk"
"100192732","TERNURA SALVAJE","sk","TENDRESSES ANIMALES","fr"
"100127165","TERRENO INSEGURO","eo","SHAKY GROUND","de"
"100127166","TERROR TIBURONES","la","SHARK TERROR","da"
"2020327736","TIDE","nb","MAREA","ro"
"100127203","TIERRA 2","lv","EARTH 2","cy"
"100127212","TIROLOCO MAC GRAW","tn","QUICK DRAW MAC GRAW","la"
"100127215","TODA UNA AMERICANA","ca","ALL AMERICAN GIRL","it"
"100391186","TODO ES ROSIE","pt","EVERYTHING'S ROSIE","af"
"100127224","TODO VA SOBRE RUEDAS","sl","SOMETHING SO RIGHT","nb"
"2020178478","TOP TABLES, TOP CITIES","lv","GRANDES RESTAURANTES, GRANDES CIUDADES","pt"
"2020188465","TOUGH BOATS","tlh","BARCOS EXTREMOS","pt"
"2020325049","TOUGH TRUCKS","tlh","CAMINOS EXTREMOS","pt"
"100129190","TRADEWINDS","pt","VIENTOS ALISIOS","lt"
"100128908","TRIAL BY MARRIAGE","da","MATRIMONIO A PRUEBA","eo"
"100127291","TRILOGIA ANTARTICA","ca","ANTARCTIC TRILOGY","eo"
"100389829","TROTAMUNDOS","pt","GLOBE TREKKER","nb"
"2020080129","TVEMOS","pt","TVEMOS EXPRESS","pt"
"2020129782","TVEMOS EXPRESS","pt","TVEMOS","pt"
"100400689","ULTIMATE IMPACT","hr","IMPACTO FINAL","tl"
"100127310","UN AMIGO MUY ESPECIAL","ca","DIE FREUNDE DES FROHLICHEN TEUFELS","de"
"100149135","UN ASUNTO FAMILIAR","eu","FAMILY AFFAIR","is"
"100127313","UN CACHORRO LLAMADO SCOOBY DOO","it","A PUP NAMED SCOOBY DOO","sk"
"100127345","UN NUEVO MUNDO","sq","LE MEILLEUR DES MONDES","fr"
"100127351","UN PERRO LLAMADO ERIC","eo","WOOF","af"
"100127363","UNA CALLE CUALQUIERA","it","WINNETKA ROAD","sv"
"100149149","UNA CHICA CORRIENTE","it","UNFABULOUS","lv"
"100127383","UNA MUJER, UNA EPOCA","ca","UNE FEMME, UNE EPOQUE","fr"
"100127384","UNA NIÑA INCREIBLE","xh","EIN WAHNSINNSKIND","de"
"2020200194","UNA NUEVA PREHISTORIA","sk","A NEW PREHISTORY","sk"
"100128287","UNBEKANNTE SOWJET UNION","it","DESCONOCIDA UNION SOVIETICA","it"
"100128169","UNDER SUSPICION","de","BAJO SOSPECHA","so"
"100129163","UNE FEMME, UNE EPOQUE","fr","UNA MUJER, UNA EPOCA","ca"
"100149582","UNFABULOUS","lv","UNA CHICA CORRIENTE","it"
"2020215374","UNFORGOTTEN","de","NO OLVIDADOS","pt"
"100127391","UNIFORME GRIS","fr","DRESS GRAY","pt"
"100128935","UNSOLVED MYSTERIES","lv","MISTERIOS SIN RESOLVER","de"
"100128112","UNTAMED AFRICA","ca","AFRICA INDOMITA","ca"
"100128123","UNTAMED AMAZONIA","sw","AMAZONIA INDOMITA","ca"
"100128151","UNTAMED ASIA","sw","ASIA INDOMITA","id"
"100128155","UNTAMED AUSTRALIA","it","AUSTRALIA INDOMITA","eo"
"100149162","USTED PREGUNTA","eo","VOSTE PREGUNTA","it"
"100127413","VALORES RELATIVOS","lv","RELATIVE VALUES","et"
"100127416","VAMOS TIRANDO","lt","GETTING BY","sv"
"100127417","VAMPIROS","lt","DARK SHADOWS","so"
"100127421","VECINOS NATURALES","pt","NATURAL NEIGHBOURS","pt"
"100149170","VELADA MUSICAL","ve","A LITTLE NIGHT MUSIC","ve"
"2020150966","VERA","is","VERA (POLICIACO)","pt"
"100149173","VERA (POLICIACO)","pt","VERA","is"
"100127445","VIAJE NOCTURNO","sl","NATTSEILERE","ro"
"100373380","VIDA ACUATICA","pt","FISH LIFE","sq"
"100127458","VIDA NORMAL","pt","NORMAL LIFE","eo"
"100130536","VIDA SALVAJE (1985)","et","WILDWEGE (1985)","nl"
"100130754","VIDA SALVAJE (1997)","et","WILDLIFE SPECIALS","de"
"100127475","VIENTOS ALISIOS","lt","TRADEWINDS","pt"
"100127483","VILLABRONCAS","lt","LOGGERHEADS","eo"
"100129194","VIRTUOSO","sl","VIRTUOSOS (1987)","lt"
"2020131293","VIRTUOSOS (1987)","lt","VIRTUOSO","sl"
"2020268013","VISION ON","fi","SIN PALABRAS","fi"
"100127503","VIVIR PELIGROSAMENTE","af","LIVING DANGEROUSLY","id"
"100394850","VOLCANIC ODYSSEYS","sl","ODISEAS VOLCANICAS","sl"
"2020217285","VOLTRON LEGENDARY DEFENDER","de","VOLTRON, DEFENSOR LEGENDARIO","nl"
"2020255365","VOLTRON, DEFENSOR LEGENDARIO","nl","VOLTRON LEGENDARY DEFENDER","de"
"100149585","VOSTE PREGUNTA","it","USTED PREGUNTA","eo"
"100129205","VR 5","UNKNOWN","VR 5 0","UNKNOWN"
"100127508","VR 5 0","UNKNOWN","VR 5","UNKNOWN"
"2020142600","WALLANDER","de","WALLANDER (SERIE INGLESA)","nb"
"100290445","WALLANDER (SERIE INGLESA)","nb","WALLANDER","de"
"2020142544","WALLANDER (SERIE SUECA)","de","MANKELLS WALLANDER","da"
"2020075898","WAS DU NICHT SIEHST","de","CON MIS OJOS","fr"
"2020075898","WAS DU NICHT SIEHST","de","DANS TES YEUX","fr"
"100345525","WEIRD NATURE","af","NATURALEZA INSOLITA","sl"
"2020148557","WILD ALASKA","sw","ALASKA SALVAJE","sk"
"2020099049","WILD AUSTRALIA","sw","AUSTRALIA SALVAJE","sk"
"2020125075","WILD CANADA","so","CANADA SALVAJE","so"
"2020142041","WILD COLOMBIA","it","COLOMBIA SALVAJE","it"
"2020200282","WILD GALAPAGOS","tl","SALVAJES ISLAS GALAPAGOS","tl"
"2020264325","WILD IBERIA","id","IBERIA SALVAJE","id"
"100128594","WILD INDONESIA","la","INDONESIA SALVAJE","la"
"2020159556","WILD JAPAN","pl","JAPON SALVAJE","et"
"2020299369","WILD KOREA","eu","COREA SALVAJE","ro"
"2020365071","WILD LATAM","lv","AMERICA SALVAJE","sk"
"2020327533","WILD METROPOLIS","lt","CIUDADES SALVAJES","pt"
"100400325","WILD MISSISSIPPI","fr","MISSISSIPPI SALVAJE","et"
"2020209441","WILD PATAGONIA","pl","PATAGONIA SALVAJE","sk"
"100268629","WILD RUSSIA","fr","RUSIA SALVAJE","sk"
"2020148903","WILD SRI LANKA","ts","SRI LANKA SALVAJE","so"
"100415663","WILDEST LATIN AMERICA","ca","LATINOAMERICA SALVAJE","sk"
"100127627","WILDLIFE SPECIALS","de","VIDA SALVAJE (1997)","et"
"100130534","WILDWEGE (1985)","nl","VIDA SALVAJE (1985)","et"
"100129156","WINNETKA ROAD","sv","UNA CALLE CUALQUIERA","it"
"2020217927","WONDER OF ANIMALS","af","TECNOLOGIA ANIMAL","eo"
"100128451","WOOF","af","UN PERRO LLAMADO ERIC","eo"
"100128949","WORLDS APART","lt","MUNDOS APARTE","sq"
"100128946","WUNDERWELT WIESE","de","MUNDO MARAVILLOSO","sq"
"100127645","YO CLAUDIO","ve","I CLAUDIUS","lt"
"100129211","YO YOGI","ts","YO YOGUI","ts"
"100127650","YO YOGUI","ts","YO YOGI","ts"
"2020244892","ZIP ZIP","nl","ZIP-ZIP","nl"
"2020244893","ZIP-ZIP","nl","ZIP ZIP","nl"
"2020186625","ZUSCHAUEN ENTSPANNEN NACHDENKEN","nl","MIRAR, DISTRAERSE, MEDITAR","ca"
"100345526","NATURALEZA INSOLITA","sl","WEIRD NATURE","af"
"100345527","WEIRD NATURE","af","NATURALEZA INSOLITA","sl"
