"ID_TERMINO","TERMINO","IDIOMA_TERMINO","TERMINO_RELACIONADO","IDIOMA_TERMINO_RELACIONADO"
"2020311641","20 ANS APRES","pt","20 AÑOS DESPUES","ca"
"2020311640","20 AÑOS DESPUES","ca","20 ANS APRES","pt"
"100129140","A PUP NAMED SCOOBY DOO","sk","UN CACHORRO LLAMADO SCOOBY DOO","it"
"2020294192","ACHUS","la","ATCHOO !","so"
"100123637","ACUARIO FANTASTICO","eo","AQUARIO FANTASTICO","eo"
"100123655","AGUILAS","pt","AQUILE","pt"
"100147390","ALIENATORS","ro","ALIENATORS : EVOLUTION CONTINUES","fr"
"100149300","ALIENATORS : EVOLUTION CONTINUES","fr","ALIENATORS","ro"
"100123704","AMAZONIA INDOMITA","ca","UNTAMED AMAZONIA","sw"
"2020364998","AMERICA SALVAJE","sk","WILD LATAM","lv"
"100128107","AQUARIO FANTASTICO","eo","ACUARIO FANTASTICO","eo"
"100128113","AQUILE","pt","AGUILAS","pt"
"2020192094","ATCHOO !","so","ACHUS","la"
"100123814","AUGIE DOGGIE","ro","AUGIE DOGGIE DADDY","pt"
"100128153","AUGIE DOGGIE DADDY","pt","AUGIE DOGGIE","ro"
"100123889","BIOMAN","az","LIVEMAN","eo"
"100147468","BOB ESPONJA","sl","SPONGEBOB SQUAREPANTS","ca"
"100128183","CAFE AMERICAIN","ro","CAFE AMERICANO","pt"
"100123933","CAFE AMERICANO","pt","CAFE AMERICAIN","ro"
"100147526","CARACOLIMPICOS","pt","SNAILYMPICS","ceb"
"2020029187","CARLOMAGNO","pt","CHARLE MAGNE","fr"
"2020029186","CHARLE MAGNE","fr","CARLOMAGNO","pt"
"2020029186","CHARLE MAGNE","fr","KARL DER GROSSE","de"
"2020020963","CONSTRUIRE LE FUTUR","fr","MIT ENERGIE IN DIE ZUKUNFT","de"
"2020075899","DANS TES YEUX","fr","WAS DU NICHT SIEHST","de"
"100124322","DESCONOCIDA UNION SOVIETICA","it","UNBEKANNTE SOWJET UNION","de"
"100124349","DIGIMON","eo","DIGITAL DIGIMON MONSTERS","ca"
"100128296","DIGITAL DIGIMON MONSTERS","ca","DIGIMON","eo"
"100124406","DRACULIN","af","LITTLE DRAC","sl"
"100128993","DUCKTALES","fr","PATOAVENTURAS","pt"
"100129164","EIN WAHNSINNSKIND","de","UNA NIÑA INCREIBLE","xh"
"100128900","JABBERJAW","id","MANDIBULIN","ha"
"2020320417","JAMIE A DES TENTACULES !","fr","JAMIE TENTACULOS","pt"
"2020134949","JAMIE TENTACULOS","pt","JAMIE A DES TENTACULES !","fr"
"2020029188","KARL DER GROSSE","de","CHARLE MAGNE","fr"
"2020147663","KROLWA BONA","tn","REINA BONA","pt"
"100128979","LAENDER MENSCHEN ABENTEUER","de","PAISES HOMBRES AVENTURAS","pt"
"2020309169","LEGENDARY MEGASTRUCTURES","fr","MEGAESTRUCTURAS LEGENDARIAS","ca"
"100128311","LITTLE DRAC","sl","DRACULIN","af"
"100128174","LIVEMAN","eo","BIOMAN","az"
"100126180","MAGICAMENTE VUESTRO","pt","MAGIQUEMENT VOTRE","fr"
"2020313427","MAGILLA GORILLA","nso","MAGUILA GORILA","nso"
"100128896","MAGIQUEMENT VOTRE","fr","MAGICAMENTE VUESTRO","pt"
"100126181","MAGUILA GORILA","nso","MAGILLA GORILLA","nso"
"100126191","MANDIBULIN","ha","JABBERJAW","id"
"100290575","MANKELLS WALLANDER","da","WALLANDER (SERIE SUECA)","de"
"100126211","MARIE CURIE UNA MUJER HONORABLE","ro","MARIE CURIE UNE FEMME HONORABLE","fr"
"100128902","MARIE CURIE UNE FEMME HONORABLE","fr","MARIE CURIE UNA MUJER HONORABLE","ro"
"2020355244","MEGAESTRUCTURAS LEGENDARIAS","ca","LEGENDARY MEGASTRUCTURES","fr"
"2020021136","MIT ENERGIE IN DIE ZUKUNFT","de","CONSTRUIRE LE FUTUR","fr"
"100148602","NADJA","pt","NADJA. APPLE FIELDS","lv"
"100149531","NADJA. APPLE FIELDS","lv","NADJA","pt"
"100126587","PAISES HOMBRES AVENTURAS","pt","LAENDER MENSCHEN ABENTEUER","de"
"2020183353","PARIS - BERLIN: DESTINOS CRUZADOS","pt","PARIS - BERLIN: DESTINS CROISES","fr"
"2020183354","PARIS - BERLIN: DESTINS CROISES","fr","PARIS - BERLIN: DESTINOS CRUZADOS","pt"
"100126634","PATOAVENTURAS","pt","DUCKTALES","fr"
"100126689","PIPPI CALZASLARGAS","lv","PIPPI LANGSTRUMP","tl"
"100129011","PIPPI LANGSTRUMP","tl","PIPPI CALZASLARGAS","lv"
"100149553","PROJECT GEEKER","nl","PROYECTO GEEKER","pt"
"100148844","PROYECTO GEEKER","pt","PROJECT GEEKER","nl"
"100126860","REINA BONA","pt","KROLWA BONA","tn"
"100149328","SNAILYMPICS","ceb","CARACOLIMPICOS","pt"
"100127062","SPENSER DETECTIVE PRIVADO","pt","SPENSER FOR HYRE","da"
"100129096","SPENSER FOR HYRE","da","SPENSER DETECTIVE PRIVADO","pt"
"100149316","SPONGEBOB SQUAREPANTS","ca","BOB ESPONJA","sl"
"2020148902","SRI LANKA SALVAJE","so","WILD SRI LANKA","de"
"2020300811","TELECHAT","de","TELEGATO","nso"
"2020300353","TELEGATO","nso","TELECHAT","de"
"2020080129","TVEMOS","pt","TVEMOS EXPRESS","pt"
"2020129782","TVEMOS EXPRESS","pt","TVEMOS","pt"
"100127313","UN CACHORRO LLAMADO SCOOBY DOO","it","A PUP NAMED SCOOBY DOO","sk"
"100127384","UNA NIÑA INCREIBLE","xh","EIN WAHNSINNSKIND","de"
"100128287","UNBEKANNTE SOWJET UNION","de","DESCONOCIDA UNION SOVIETICA","it"
"100128123","UNTAMED AMAZONIA","sw","AMAZONIA INDOMITA","ca"
"2020217285","VOLTRON LEGENDARY DEFENDER","de","VOLTRON, DEFENSOR LEGENDARIO","nl"
"2020255365","VOLTRON, DEFENSOR LEGENDARIO","nl","VOLTRON LEGENDARY DEFENDER","de"
"100129205","VR 5","UNKNOWN","VR 5 0","UNKNOWN"
"100127508","VR 5 0","UNKNOWN","VR 5","UNKNOWN"
"2020142600","WALLANDER","de","WALLANDER (SERIE INGLESA)","nb"
"100290445","WALLANDER (SERIE INGLESA)","nb","WALLANDER","de"
"2020142544","WALLANDER (SERIE SUECA)","de","MANKELLS WALLANDER","da"
"2020075898","WAS DU NICHT SIEHST","de","DANS TES YEUX","fr"
"2020365071","WILD LATAM","lv","AMERICA SALVAJE","sk"
"2020148903","WILD SRI LANKA","de","SRI LANKA SALVAJE","so"
"100174141","ELS VENTS ALISIS","ca","TRADEWINDS","pt"
"100175721","EUROTOURISM","ro","EUROTURISME","fr"
"100174204","EUROTURISME","fr","EUROTOURISM","ro"
"100175728","MEDITERRANEO","nso","MEDITERRANIA","id"
"100174711","MEDITERRANIA","id","MEDITERRANEO","nso"
"100175719","TRADEWINDS","pt","ELS VENTS ALISIS","ca"
